WORD,HITS
ben,15
eth,15
ua,14
dera,13
ei,13
fòrça,13
rectangle,13
aguesta,12
carrega,12
cinc,12
damb,12
deth,12
er,12
escota,12
espera,12
fantastic,12
nòm,12
pantalla,12
paquet,12
paraules,12
perfècte,12
ara,11
ath,11
excellent,11
lieg,11
pas,11
tròba,11
aguest,10
cap,10
casa,10
compara,10
complèta,10
dia,10
dus,10
ena,10
entà,10
esplendid,10
hè,10
hèt,10
mès,10
paraula,10
plan,10
quate,10
repetís,10
sies,10
sò,10
tres,10
ueit,10
agrade,9
bon,9
cerca,9
coma,9
diboish,9
ditz,9
ère,9
frases,9
guaire,9
nau,9
òc,9
sòn,9
tà,9
aguesti,8
aigua,8
auie,8
bric,8
ciutat,8
çò,8
coche,8
der,8
dètz,8
dues,8
esquèrra,8
exacte,8
faus,8
lèu,8
mes,8
met,8
nòms,8
ores,8
parelha,8
peish,8
pera,8
respon,8
sabates,8
sèt,8
vos,8
ac,7
aciu,7
aguestes,7
amor,7
arren,7
aumplís,7
barri,7
bona,7
calaish,7
carn,7
darrèr,7
dies,7
dreta,7
escòla,7
fragment,7
gojat,7
hemna,7
hèr,7
joan,7
letres,7
long,7
massa,7
mèn,7
miei,7
mos,7
mots,7
net,7
obsèrva,7
ostiu,7
peu,7
pòrta,7
pòt,7
pr,7
semble,7
solei,7
tan,7
tath,7
trabalhe,7
uets,7
vacances,7
vertadèr,7
vestit,7
viatge,7
vòu,7
açò,6
adequada,6
adjectius,6
agraden,6
aquera,6
arrir,6
audèth,6
aué,6
banc,6
barra,6
cafè,6
chicolate,6
corrècte,6
corresponenta,6
dempús,6
deuant,6
diboishi,6
dimenge,6
dissabte,6
doç,6
dotze,6
èm,6
enes,6
ès,6
èster,6
fenomenau,6
forma,6
fotbòl,6
frasa,6
gat,6
gelèra,6
gojata,6
heired,6
iniciacion,6
jamès,6
joen,6
junh,6
laguens,6
lhet,6
lòc,6
lunetes,6
maitin,6
manquen,6
mau,6
mèstre,6
mètge,6
mia,6
mieja,6
minjar,6
ne,6
òme,6
ora,6
pan,6
papèr,6
pastís,6
pè,6
petita,6
plaça,6
pòble,6
pòs,6
quaranta,6
senhor,6
senhora,6
sopa,6
sopar,6
sua,6
tara,6
tard,6
tarde,6
telefòn,6
temps,6
tomata,6
trist,6
vin,6
vint,6
vòs,6
ad,5
adequat,5
ager,5
alh,5
amics,5
amigues,5
anciam,5
apregondiment,5
arradim,5
arribar,5
assòcia,5
auer,5
aute,5
avienta,5
barcelona,5
béuer,5
calor,5
cambi,5
camisa,5
carme,5
carròta,5
charraire,5
claus,5
començar,5
comencèc,5
córrer,5
correspon,5
delàger,5
deluns,5
deman,5
dents,5
diden,5
digui,5
dimars,5
dinar,5
dit,5
dusau,5
encara,5
enquiàs,5
enteneràs,5
escríuer,5
estudiant,5
exemple,5
fèbre,5
flaira,5
flor,5
flors,5
fruta,5
giqueta,5
gras,5
hec,5
hèn,5
hès,5
hilh,5
hilhs,5
huec,5
informacion,5
iranja,5
lèit,5
libre,5
liure,5
loís,5
mair,5
man,5
maria,5
mens,5
minjador,5
mo,5
montanha,5
naut,5
nauta,5
numero,5
onze,5
pantalons,5
passat,5
passeg,5
pellicula,5
persona,5
peth,5
petit,5
petiti,5
pis,5
plaja,5
pòc,5
portar,5
pòrte,5
préner,5
pro,5
professor,5
pròp,5
pujar,5
quilò,5
quini,5
ramon,5
ròsa,5
sabata,5
sabi,5
sau,5
segontes,5
sèir,5
seishanta,5
sénher,5
setanta,5
setmana,5
sonque,5
tanben,5
tàs,5
tèrra,5
tòn,5
tostemp,5
toti,5
trabalh,5
triga,5
tua,5
vau,5
vèrbs,5
vielh,5
vrèspe,5
agost,4
aire,4
aliments,4
amic,4
ample,4
ampolha,4
anat,4
anglesa,4
apréner,4
aquerò,4
aqueth,4
ar,4
arbe,4
arrés,4
arribat,4
arròs,4
atau,4
auca,4
autes,4
auti,4
autobús,4
avaloracion,4
avient,4
baish,4
bèra,4
besonh,4
bèth,4
blanc,4
blu,4
boeta,4
bones,4
bòsc,4
botiga,4
braç,4
bruna,4
cagira,4
caishau,4
camin,4
caminar,4
cansat,4
carrèr,4
cases,4
cau,4
causa,4
cinquanta,4
classa,4
clau,4
client,4
coches,4
codina,4
compdar,4
conéisher,4
confetura,4
corrècta,4
cors,4
cosia,4
costat,4
creion,4
crompar,4
dar,4
demanar,4
dessús,4
deu,4
didec,4
díder,4
dimenjada,4
dimèrcles,4
diuendres,4
doça,4
docha,4
dret,4
dromir,4
enric,4
entrar,4
eri,4
escotar,4
espitau,4
estacion,4
estarè,4
estimi,4
estona,4
estudiar,4
expression,4
finau,4
formen,4
fragments,4
francesc,4
gésser,4
gojates,4
gràcies,4
greu,4
gust,4
hame,4
haria,4
hège,4
hèm,4
hèsqui,4
hèsta,4
hètz,4
hilha,4
huelhes,4
imatge,4
indiquen,4
iranges,4
iuèrn,4
jòc,4
lauadora,4
lèg,4
lheuar,4
liéger,4
lum,4
madeish,4
mainada,4
mainatges,4
malaut,4
mans,4
març,4
marta,4
mecanic,4
mèns,4
mercat,4
mete,4
mètre,4
miches,4
mil,4
mòbles,4
mot,4
musica,4
nere,4
nhèu,4
nòsta,4
òli,4
oncle,4
opcion,4
pair,4
parcatge,4
parlar,4
parle,4
passe,4
pau,4
pelejar,4
pendent,4
penses,4
pensi,4
perdut,4
pere,4
personatges,4
pes,4
plorar,4
pòcha,4
pòden,4
policia,4
poret,4
pòts,4
pòur,4
president,4
prumèr,4
quadre,4
quart,4
quede,4
ràdio,4
restaurant,4
ròia,4
saumet,4
senhala,4
sèrp,4
servir,4
sèti,4
setze,4
shinhau,4
sièta,4
sillabes,4
simpatic,4
sòns,4
sucre,4
tar,4
taula,4
teatre,4
televisor,4
terrassa,4
tia,4
tornat,4
tornavitz,4
tostemps,4
tovalhòla,4
trabalhar,4
trèir,4
tren,4
trenta,4
tretze,4
tricòt,4
tròbi,4
truhes,4
ueus,4
universitat,4
vaca,4
vam,4
vas,4
vasso,4
ve,4
veir,4
veiràs,4
ven,4
vèrb,4
verd,4
verdura,4
vesins,4
visitar,4
vist,4
viui,4
vosté,4
zèro,4
abric,3
acabar,3
acabat,3
acadèmia,3
accident,3
acòrd,3
adjectiu,3
agut,3
ai,3
ajudar,3
alavetz,3
alugar,3
amiga,3
ampolhes,3
anaram,3
anarè,3
anhèth,3
animaus,3
antic,3
apraiar,3
aqueres,3
aquiu,3
arbes,3
armari,3
arribe,3
arribèc,3
arribèren,3
arrís,3
auem,3
auies,3
auques,3
auràs,3
aurelhes,3
auriòla,3
autant,3
auut,3
avenguda,3
avion,3
badalhar,3
baisha,3
banh,3
barat,3
barba,3
basquet,3
bastís,3
beguda,3
bibliotèca,3
bicicleta,3
bistèc,3
blanca,3
broma,3
bròssa,3
burèu,3
cambalhon,3
cambiar,3
cambiat,3
cambrèr,3
camion,3
camps,3
cantar,3
cantoada,3
cappelat,3
capucha,3
car,3
cara,3
carrèrs,3
carta,3
castanha,3
catalonha,3
catorze,3
caud,3
ceba,3
cent,3
cents,3
cerides,3
cèu,3
chifres,3
cine,3
cinèma,3
citron,3
còca,3
codinar,3
codinèra,3
comòdes,3
companh,3
companhs,3
compde,3
condusir,3
coneishen,3
conilh,3
copa,3
corredor,3
corrent,3
cóser,3
cosin,3
cosins,3
costum,3
cramba,3
creigui,3
creigut,3
cridar,3
crompa,3
crompat,3
cueisha,3
cuélher,3
culhèra,3
cunhat,3
daurir,3
daurís,3
dedique,3
deishar,3
dejós,3
demane,3
demore,3
dent,3
dentista,3
dependenta,3
desencuse,3
dialòg,3
diari,3
dides,3
digue,3
dijaus,3
dilhèu,3
dimenjades,3
director,3
disqui,3
doche,3
doctora,3
dolent,3
dolors,3
drap,3
eirines,3
embragatge,3
empresa,3
enfadar,3
enfadat,3
engüegiua,3
enquia,3
entàs,3
entenut,3
entrada,3
èren,3
èretz,3
escampa,3
escampaire,3
escrita,3
esdejoar,3
esdéjoi,3
esguitlar,3
espacis,3
espatlat,3
estanc,3
estarà,3
estaràs,3
esteletes,3
estranh,3
estranha,3
euros,3
excursion,3
farmàcia,3
farrat,3
fautulh,3
fautulhs,3
flan,3
fòrt,3
fruteria,3
futur,3
ga,3
garia,3
gas,3
gaujós,3
ge,3
gendre,3
gèr,3
germà,3
germana,3
germans,3
gèrra,3
ges,3
gessec,3
gojats,3
goma,3
grana,3
grop,3
guaires,3
guairi,3
guants,3
guarda,3
guinhauet,3
helena,3
hièstra,3
hiu,3
hons,3
hormatge,3
horn,3
hotjar,3
huelha,3
hustèr,3
institut,3
interessant,3
ireua,3
jogar,3
jògue,3
jòrdi,3
josep,3
junhsèga,3
jutge,3
leon,3
libreria,3
libres,3
lis,3
loïsa,3
lord,3
luenh,3
magra,3
mai,3
mainatge,3
mar,3
marc,3
martèth,3
meddia,3
mejans,3
melon,3
mercè,3
mesi,3
mestièr,3
mèstra,3
méter,3
mètro,3
michon,3
michons,3
mies,3
minges,3
minjatz,3
minutes,3
miquèu,3
miralh,3
modista,3
moment,3
mon,3
mònica,3
montserrat,3
monument,3
mostacho,3
nadar,3
nas,3
naua,3
neboda,3
nebot,3
neishec,3
nera,3
nerviós,3
nerviosa,3
neta,3
normaument,3
nosati,3
nòste,3
nòstes,3
nòsti,3
objèctes,3
ola,3
olives,3
oncles,3
orari,3
orde,3
pacient,3
pagés,3
pairin,3
pairs,3
paredèr,3
parelh,3
parelhes,3
parís,3
partit,3
passar,3
passejar,3
pasta,3
pauruc,3
peberòt,3
pèça,3
pèces,3
pèira,3
pelha,3
pensar,3
pense,3
peres,3
perroquet,3
persec,3
personatge,3
persones,3
pèth,3
pialèr,3
piech,3
pilar,3
pilòta,3
pinces,3
pintar,3
pisi,3
pissarra,3
platz,3
plia,3
plò,3
ploja,3
plombaire,3
podetz,3
polit,3
pomes,3
portèc,3
pòrtes,3
possar,3
pòstres,3
poth,3
pren,3
preocupat,3
presente,3
problèma,3
prumèra,3
quauquarrés,3
quedaram,3
queiguec,3
qüestion,3
qüestions,3
quilòs,3
quinze,3
ra,3
rafel,3
rap,3
refresc,3
relacionades,3
relacionadi,3
relacionats,3
relòtge,3
responsa,3
responses,3
ric,3
ridèu,3
ròda,3
roger,3
ròses,3
sabadell,3
sabent,3
sabie,3
sant,3
secretària,3
segon,3
seguir,3
segur,3
semblen,3
sénhers,3
serà,3
sèries,3
sheta,3
shivau,3
shut,3
sofà,3
sòrt,3
sòs,3
sudar,3
suer,3
susvelha,3
ta,3
talh,3
talhèr,3
tapatge,3
tardor,3
tauleta,3
taxi,3
telefonèc,3
tèxte,3
tiquets,3
ton,3
tòns,3
torn,3
tornar,3
tovalhon,3
trabalhador,3
trabalhes,3
trabalhi,3
trabalhs,3
trenda,3
trista,3
tròbe,3
trobèrem,3
trucat,3
ueitanta,3
uelhs,3
ues,3
ui,3
valent,3
vè,3
vengut,3
vent,3
verbau,3
vermelha,3
vermelhes,3
viatges,3
viatjar,3
vielha,3
vieràn,3
víuer,3
voi,3
volem,3
vòlen,3
volien,3
vòsta,3
vrespalhar,3
xavier,3
abitacions,2
abriu,2
acabe,2
acabèren,2
accion,2
acompanharè,2
actors,2
adreça,2
advèrbi,2
agarrar,2
age,2
agradarie,2
agradat,2
aguets,2
ahragues,2
ajuda,2
ajuntament,2
alacant,2
albert,2
alcoòl,2
aluga,2
alumna,2
alumne,2
alumnes,2
aluquets,2
amagades,2
amanís,2
amargant,2
amassa,2
amassada,2
amèlia,2
amòrta,2
amortar,2
ampla,2
ampli,2
anarà,2
anaràn,2
anaràs,2
anaua,2
anèc,2
anèrem,2
anèren,2
anglés,2
anglesi,2
animau,2
aniversari,2
anoncis,2
antiga,2
antipatica,2
apareishen,2
aparelha,2
aparelhador,2
apariar,2
apariat,2
aparie,2
apren,2
aprovar,2
aqueri,2
aranha,2
arquitècte,2
arregraïsqui,2
arrèhilh,2
arrèhilha,2
arrepervèri,2
arribè,2
arriben,2
arribèrem,2
arringar,2
arriu,2
article,2
arturar,2
ascensor,2
assegurèc,2
atractiva,2
au,2
aubergina,2
aubergines,2
aucís,2
auetz,2
auí,2
auia,2
auíem,2
auien,2
aurà,2
aurè,2
auria,2
aurie,2
auries,2
auriò,2
auta,2
autobusi,2
autopista,2
autoritat,2
avar,2
avares,2
avís,2
baishar,2
baishet,2
banhader,2
banhar,2
banhat,2
banhe,2
banlèga,2
bar,2
barbèr,2
barrar,2
barrat,2
barren,2
basc,2
bassa,2
begudes,2
bensè,2
bidet,2
bilhets,2
bo,2
bò,2
boca,2
boder,2
boèta,2
boetes,2
bòles,2
boni,2
bòsqui,2
bòtes,2
botiguèr,2
botigues,2
boton,2
braci,2
brun,2
ça,2
cabàs,2
cabassi,2
caça,2
caçar,2
cagires,2
cajades,2
calaishi,2
calar,2
calgue,2
cama,2
càmbie,2
cambrèra,2
cambrèrs,2
campament,2
cansament,2
canse,2
cant,2
cantant,2
caractèr,2
cares,2
cargòlhs,2
carles,2
carròtes,2
carter,2
cartèra,2
cartes,2
castèth,2
catalan,2
cauhatge,2
caulet,2
caulets,2
caumatge,2
cava,2
ce,2
cebes,2
cedes,2
cèga,2
centre,2
cercar,2
cerqui,2
ch,2
chècs,2
chifra,2
cincau,2
cinema,2
classe,2
classes,2
classica,2
clauar,2
clinics,2
coa,2
coget,2
cognòm,2
cognòms,2
coish,2
coishin,2
coishins,2
coja,2
còlha,2
colom,2
color,2
colors,2
començam,2
comence,2
comencen,2
comèrç,2
comòda,2
comòde,2
companha,2
compren,2
concèrt,2
conde,2
conductor,2
coneish,2
coneishem,2
coneishes,2
coneishi,2
confirmar,2
consèrva,2
conten,2
content,2
contenta,2
contrari,2
contraris,2
contunhe,2
convidar,2
convidat,2
còrda,2
cordar,2
correja,2
corresponen,2
correspongue,2
corresponque,2
corrèus,2
còs,2
costelha,2
costipat,2
covard,2
cravata,2
cre,2
creiguie,2
creions,2
creir,2
creishut,2
crida,2
crompi,2
croquetes,2
cru,2
crubar,2
cu,2
cuert,2
cueta,2
cunhada,2
da,2
dançar,2
darrèra,2
data,2
daue,2
dè,2
decidir,2
decidissen,2
decidit,2
dediquen,2
dehòra,2
deishat,2
delà,2
delànet,2
demanèc,2
demanen,2
demanèren,2
demorar,2
descoratjat,2
deseme,2
despachar,2
desparièrs,2
déuers,2
diàries,2
diboishadi,2
diboishar,2
didau,2
didia,2
dini,2
directora,2
dirigisqui,2
distrèti,2
dits,2
dochar,2
doci,2
doctor,2
dolòrs,2
domicili,2
donades,2
donques,2
dotzena,2
dubèrt,2
eduard,2
eirina,2
eivissa,2
elch,2
electrodomestics,2
elegant,2
embromat,2
embut,2
empòrte,2
endauant,2
endeuant,2
enemics,2
enfadada,2
enfebrat,2
enjós,2
enquiath,2
ensús,2
entara,2
entath,2
entretengut,2
èra,2
ères,2
erós,2
escala,2
escampar,2
escarrabilhat,2
escotes,2
escrit,2
escrites,2
escritura,2
escrivana,2
esdejoarie,2
esdéjoe,2
esdéjoes,2
esgarrapada,2
espantèc,2
esparadrap,2
espàrrec,2
esparrecar,2
espatlèc,2
espectacle,2
espelastrada,2
espinards,2
espòrt,2
esquèr,2
esqueròla,2
esquia,2
estar,2
estaram,2
estaràn,2
estaratz,2
estatgèra,2
esteles,2
estialhes,2
estime,2
estimes,2
estornudar,2
estrangèr,2
estrangèra,2
estreta,2
estudiants,2
estudiat,2
estúdie,2
estudièrem,2
estúdii,2
estudis,2
ètz,2
eulàlia,2
euro,2
examens,2
exercici,2
exercicis,2
experiéncia,2
explique,2
exprèssen,2
fabrica,2
factura,2
fals,2
feble,2
femenin,2
femenina,2
feniant,2
ficha,2
fisiques,2
florista,2
fogon,2
formes,2
fornèu,2
forquilha,2
fòrta,2
fotbolista,2
fotocòpies,2
fotograf,2
fotografies,2
fregís,2
fresc,2
fresca,2
frut,2
frutèr,2
frutèra,2
gàbia,2
galhetes,2
ganes,2
garatge,2
gasolina,2
gelat,2
gent,2
germanes,2
germàs,2
gessen,2
gessia,2
gessut,2
glòria,2
gòi,2
grani,2
grassa,2
grèu,2
gripa,2
gròs,2
gròssi,2
guardar,2
guitèra,2
hacha,2
hanga,2
harà,2
haram,2
haràs,2
harè,2
haries,2
haues,2
hèc,2
hègen,2
hemnes,2
hènt,2
heregador,2
hèsca,2
hèsque,2
hèsques,2
hesses,2
hig,2
hilhes,2
hòl,2
hòquei,2
hora,2
hormiga,2
hum,2
identifica,2
igual,2
illusion,2
imperfècte,2
impression,2
indicada,2
indicades,2
indicatiu,2
infinitiu,2
instruccions,2
interessantes,2
iogurt,2
irene,2
isabèl,2
istòria,2
jaime,2
jan,2
japonés,2
jaume,2
joaquim,2
joena,2
joeni,2
jogador,2
laboratòri,2
laborau,2
lança,2
lançar,2
latin,2
lauar,2
lecar,2
lèges,2
lègi,2
lei,2
leishiu,2
lèja,2
lengua,2
leona,2
lesques,2
letra,2
lh,2
lhèida,2
lhèue,2
licenciat,2
liegia,2
liegie,2
limanda,2
linha,2
lisi,2
listra,2
lit,2
litre,2
liurament,2
loba,2
locau,2
lòcs,2
logar,2
longa,2
longues,2
longui,2
lop,2
lordères,2
loteria,2
lua,2
lums,2
macarrònis,2
madeisha,2
magnific,2
magre,2
mainadèra,2
mainades,2
maionesa,2
majuscula,2
majuscules,2
mala,2
malauta,2
malh,2
manel,2
manèra,2
marcha,2
margarida,2
maridat,2
maridatge,2
maridèren,2
marinèr,2
martí,2
masculin,2
masculina,2
masia,2
massatge,2
massatgista,2
mècha,2
mejan,2
melhor,2
mèrque,2
mestièrs,2
mèstres,2
meter,2
metes,2
metgessa,2
meti,2
metut,2
mieges,2
mimgi,2
minge,2
minja,2
minjam,2
misharnon,2
mòble,2
modèl,2
mòir,2
molti,2
montanhes,2
montse,2
morfosintaxi,2
morralet,2
moscalhon,2
mòto,2
multitud,2
nadau,2
nap,2
neishí,2
neishut,2
neus,2
nh,2
nha,2
nhacada,2
nheuar,2
nhèue,2
nosates,2
novèlles,2
núria,2
objècte,2
òbra,2
octobre,2
òla,2
olières,2
òmes,2
optica,2
ordenador,2
orfanèla,2
orient,2
paco,2
paelha,2
pagar,2
pagat,2
país,2
palanca,2
paperèra,2
papèrs,2
parc,2
parent,2
parents,2
paret,2
parlen,2
partida,2
parts,2
passa,2
passada,2
passèc,2
passes,2
passi,2
pastissèr,2
pastissi,2
patins,2
pauruga,2
pebe,2
pèc,2
pèga,2
pèir,2
peishateria,2
pelhes,2
pellicules,2
pena,2
penjader,2
pensam,2
pensatz,2
pensaua,2
pensaue,2
pensauen,2
pensen,2
pep,2
pèrd,2
perdec,2
pèrder,2
perdia,2
perdone,2
perfecte,2
perhum,2
periodista,2
permís,2
pernilh,2
perruqueria,2
persecs,2
pesat,2
pescaire,2
pese,2
peus,2
pincèu,2
pintor,2
pintura,2
piscina,2
places,2
plages,2
planta,2
plantes,2
platans,2
platja,2
plei,2
plen,2
ploges,2
plòir,2
plore,2
plurau,2
pòca,2
pòches,2
podec,2
podia,2
podie,2
podien,2
podies,2
pogue,2
pogues,2
pogui,2
pogut,2
polida,2
poma,2
ponchon,2
pònt,2
porc,2
pòrc,2
porcèth,2
portat,2
portaua,2
portaue,2
pòrten,2
portèr,2
pòrti,2
practica,2
prauba,2
praube,2
praubi,2
premanir,2
premanís,2
prèmis,2
prenec,2
prener,2
presentar,2
presumida,2
prètz,2
prim,2
primària,2
primauera,2
prince,2
principau,2
professionau,2
professora,2
professors,2
proibir,2
prometut,2
pronòm,2
pronòms,2
pronóncie,2
protagonista,2
provença,2
prues,2
pugi,2
punets,2
punt,2
quadres,2
quantitat,2
quatau,2
quauque,2
quauqui,2
quedar,2
quedèsse,2
quèir,2
quinsevolh,2
quinzena,2
rafael,2
rajòles,2
rambla,2
rambles,2
rapid,2
rapidament,2
rebaisha,2
rebaishes,2
recebut,2
recuélher,2
reis,2
relampits,2
renda,2
repartidor,2
reposar,2
requadre,2
resòlver,2
ressèga,2
restaca,2
revistes,2
ridèus,2
ròba,2
ròc,2
ròi,2
rubio,2
sa,2
sabatèr,2
saberàs,2
sabon,2
sabut,2
sajarè,2
salat,2
sang,2
sarrar,2
sartre,2
sasons,2
sautar,2
sè,2
secretàries,2
segona,2
següentes,2
seguida,2
seguisses,2
semàfor,2
sentisqui,2
seram,2
seràn,2
seràs,2
serè,2
serie,2
sèrie,2
servici,2
session,2
set,2
seteme,2
sevilla,2
sh,2
sheringa,2
shumar,2
significat,2
sigue,2
siguec,2
siguen,2
siguessen,2
simpatica,2
singular,2
sis,2
sisau,2
soent,2
solet,2
soleta,2
solid,2
ss,2
suera,2
sues,2
sufisenta,2
taca,2
talon,2
tamb,2
tanpòc,2
tanta,2
tapaboques,2
tardes,2
tassa,2
taure,2
tè,2
teatrau,2
tecnics,2
telefon,2
telefòna,2
telefonar,2
telefonista,2
television,2
tenis,2
teresa,2
termomètre,2
tèsta,2
timid,2
tintoreria,2
tòque,2
tor,2
torna,2
tornavitzi,2
tornèc,2
tornès,2
tòrres,2
tortuga,2
tos,2
totaument,2
trabalhadors,2
tranches,2
tranquil,2
tranquillitat,2
transforma,2
trànsit,2
trapa,2
traveron,2
trè,2
trende,2
trepadèr,2
tresau,2
tria,2
trincar,2
trincat,2
trincha,2
trinquèc,2
trobar,2
trobaràs,2
trobat,2
tròbes,2
tròç,2
tronada,2
trons,2
trueita,2
tues,2
uas,2
uassi,2
ueu,2
uf,2
umitat,2
umor,2
ungla,2
unic,2
urgentament,2
vassos,2
vater,2
vatz,2
vedèth,2
veigui,2
venedor,2
venedores,2
venedors,2
vengue,2
venguec,2
venguérem,2
vengueren,2
venguéretz,2
ventosa,2
verbaus,2
verda,2
verdi,2
verdulèr,2
vermelh,2
vermelhs,2
vertat,2
vesies,2
vesin,2
vestir,2
vestits,2
vic,2
vida,2
vien,2
vier,2
vierà,2
vinagre,2
vista,2
viu,2
viuen,2
viuie,2
vo,2
voler,2
voleràs,2
voletz,2
volgue,2
volgues,2
volie,2
volies,2
vosates,2
vosati,2
vòste,2
vostés,2
vòsti,2
vriolin,2
vriolinista,2
abitants,1
abrict,1
abstracta,1
abstracte,1
acabament,1
acabaram,1
acabaràn,1
acabaràs,1
acabarè,1
acabarie,1
acabàuem,1
acabèc,1
acaben,1
acabèrem,1
acabes,1
acabetz,1
acceptar,1
acceptarè,1
acogada,1
acompanhar,1
acompanharie,1
acompanhe,1
aconselhat,1
acostumaue,1
actitud,1
actiu,1
actor,1
actuauen,1
ada,1
adaiguar,1
adaigüem,1
adaigües,1
adequades,1
adequats,1
adesiva,1
adient,1
adiu,1
adjecatius,1
admet,1
adméter,1
admeterien,1
admirablament,1
admirable,1
adob,1
adormit,1
adrià,1
advèrbis,1
ae,1
aeropòrt,1
aerostatic,1
afaitar,1
afaitat,1
afaite,1
afirmar,1
agarre,1
agarrèc,1
agen,1
agèr,1
ages,1
agnés,1
agra,1
agradabla,1
agradar,1
agradaràn,1
agradaue,1
agradiu,1
agradiua,1
agre,1
aguessa,1
aguisat,1
agulha,1
agustí,1
ahèr,1
ahraga,1
aigualèr,1
aigüèra,1
aigües,1
air,1
aires,1
aja,1
ajam,1
ajatz,1
ajocar,1
ajud,1
ajudants,1
alba,1
albercòc,1
album,1
alcoolica,1
alègri,1
alemand,1
alemanda,1
alemanha,1
alemnaha,1
alfabeticament,1
alguer,1
algues,1
alhs,1
aliment,1
alistar,1
alonguèc,1
alongues,1
alugatz,1
alugen,1
alugues,1
aluguetz,1
amabilitat,1
amable,1
amadeu,1
amagar,1
amagatada,1
amaguen,1
amanir,1
amanisses,1
amargor,1
amassades,1
amassar,1
amasses,1
ambient,1
ambigu,1
ambigua,1
ambulància,1
ambulatòri,1
amburguesa,1
amendrir,1
american,1
americana,1
americanes,1
americans,1
amiaram,1
amièc,1
amistat,1
amo,1
amortam,1
amòrte,1
amòrtes,1
amples,1
ampolh,1
ana,1
anà,1
analisi,1
analisis,1
analista,1
anaratz,1
anaria,1
anaríem,1
anaries,1
anaue,1
anchòia,1
andalós,1
andorra,1
andòrra,1
andreu,1
anè,1
anecdòtes,1
anem,1
anèretz,1
àngel,1
àngels,1
anglaterra,1
animaue,1
animics,1
anís,1
anisi,1
anna,1
anomalia,1
anotar,1
ant,1
antica,1
antics,1
antigament,1
antigues,1
antoni,1
antòni,1
antonio,1
anuau,1
aparéisher,1
apareishi,1
aparelh,1
apariarie,1
apariaríem,1
aparien,1
apàrii,1
apartat,1
aplaudic,1
aplaudiment,1
aplaudiments,1
apraie,1
aprenent,1
aprèner,1
apreneria,1
aprenetz,1
apreni,1
aprés,1
aprofiten,1
aprofundiment,1
apròp,1
apròpa,1
apròpi,1
aprovaràs,1
aprovarè,1
aprovarie,1
aprovàuem,1
apta,1
apte,1
apunts,1
aragon,1
aran,1
aranés,1
arbre,1
archivar,1
aro,1
arqueologics,1
arrabets,1
arradaim,1
arràdio,1
arraïc,1
arrat,1
arratet,1
arratonha,1
arrats,1
arravet,1
arravets,1
arregraïm,1
arregraïr,1
arregrairè,1
arregrairia,1
arrem,1
arremangar,1
arremir,1
arrèr,1
arrèrhilh,1
arribarà,1
arribaràs,1
arribàuem,1
arribes,1
arribèsse,1
arribèssen,1
arribèsses,1
arrie,1
arríem,1
arrigatz,1
arringa,1
arrint,1
arrisques,1
arritz,1
arrius,1
arrossegar,1
arténher,1
artenhut,1
articles,1
arturetz,1
asociar,1
aspirant,1
aspirants,1
aspirina,1
aspre,1
assai,1
assaut,1
assautèren,1
assegurèren,1
assentat,1
assisténcia,1
associacion,1
assolelhat,1
assumpta,1
astúries,1
atenguesse,1
atent,1
aterrat,1
atic,1
atletes,1
atmosferics,1
atributs,1
aturar,1
auança,1
auançament,1
auantatge,1
auantatges,1
aubedissent,1
aucider,1
aucupats,1
auderàs,1
audereth,1
audèths,1
auè,1
auec,1
auent,1
auessa,1
auesse,1
auéssem,1
auessen,1
auesses,1
auéssetz,1
auferic,1
auferís,1
auferisque,1
augment,1
augmentarà,1
augmente,1
aumens,1
aumpligatz,1
aumplir,1
aumplitz,1
auram,1
auràn,1
aurassèr,1
auratz,1
aurelha,1
aurien,1
auriòles,1
auriòs,1
auròra,1
auruc,1
autocar,1
automobilisme,1
automòbils,1
avaluació,1
avaluacion,1
avara,1
avars,1
aventures,1
avertir,1
aviador,1
aviens,1
avientes,1
avients,1
avisa,1
avisar,1
avisat,1
avisi,1
ba,1
bacalhà,1
bachelierat,1
badalona,1
badòc,1
badòca,1
baiard,1
baishè,1
baishi,1
baixeres,1
balaguer,1
balança,1
balances,1
balcó,1
balcon,1
balcons,1
balhèc,1
ballon,1
balom,1
balon,1
bambó,1
bambolhes,1
banha,1
banhadora,1
barates,1
barca,1
barça,1
barcassa,1
barqueta,1
barratge,1
barratges,1
barrauen,1
barre,1
barres,1
barrèsses,1
barret,1
basqui,1
bastic,1
bastim,1
bastiment,1
bastiments,1
bastir,1
bastisque,1
bastisqui,1
bastissen,1
bata,1
bataria,1
bàter,1
bates,1
bè,1
bèca,1
bèèè,1
begatz,1
belegave,1
beleta,1
beletes,1
beletòtes,1
benda,1
benet,1
benjamí,1
berlín,1
beròi,1
bèstia,1
bèsties,1
beuer,1
beueràs,1
beues,1
beuetz,1
beui,1
beuíem,1
beure,1
biera,1
bièra,1
bilbao,1
bilhet,1
bilhetèr,1
biòleg,1
bisbe,1
bistec,1
bistecs,1
blanques,1
ble,1
blosa,1
blua,1
blusa,1
boeteta,1
bolhon,1
boligraf,1
bombeta,1
bonh,1
borir,1
boritz,1
borràs,1
borrat,1
bosc,1
bossa,1
bossat,1
botes,1
botons,1
bou,1
bracar,1
bracelet,1
bracelets,1
bramèc,1
branca,1
brasil,1
brave,1
bredor,1
bremba,1
brembaua,1
brembes,1
brembi,1
brighton,1
bro,1
bròcoli,1
bromes,1
bròquil,1
brotombèr,1
brulhèc,1
brut,1
bruts,1
buendat,1
bueu,1
buits,1
bulb,1
cabala,1
cabi,1
cable,1
caçadora,1
caçaire,1
caçant,1
cacaracà,1
cacerola,1
caci,1
cactus,1
cadaqués,1
cadees,1
cadenat,1
cafeter,1
cafetèr,1
cafeteria,1
caisha,1
caishaus,1
caishèr,1
caishes,1
caixa,1
calada,1
calades,1
calaishèra,1
calamars,1
calat,1
calauen,1
calb,1
calçotets,1
calcul,1
calculadora,1
cale,1
calèc,1
calen,1
caler,1
calerie,1
calie,1
calligrafia,1
cambia,1
càmbia,1
cambièc,1
cambien,1
càmbien,1
cambrera,1
cambrères,1
camèra,1
cames,1
caminam,1
caminaue,1
camine,1
camions,1
camisaa,1
camises,1
camp,1
campa,1
campar,1
campion,1
canadenc,1
canadenca,1
canaris,1
canau,1
cançon,1
cançons,1
candela,1
candelèrs,1
canèla,1
canelons,1
canha,1
canoada,1
cans,1
cansada,1
cansar,1
cantaire,1
cantaires,1
cantaue,1
cantàuem,1
cante,1
cantèc,1
cantes,1
cantidad,1
capaç,1
capaci,1
caperades,1
capères,1
capinaut,1
capítols,1
capsules,1
capuches,1
caputxa,1
caputxes,1
capvirar,1
caracteristique,1
caradi,1
caraue,1
carbon,1
carchòfa,1
care,1
carga,1
cargam,1
cargatz,1
cargolar,1
cargòlh,1
cargue,1
carguen,1
cargues,1
càries,1
carlota,1
carlòta,1
carnet,1
carnisser,1
carnissèr,1
carnissèra,1
carnisseria,1
caròl,1
caròles,1
carolina,1
carpeta,1
carrer,1
carrèra,1
carrères,1
carretèra,1
cars,1
cartèr,1
cartocha,1
cartolina,1
cas,1
casals,1
casanova,1
casilha,1
casqueta,1
casseròla,1
casset,1
castanhs,1
castellan,1
casteth,1
catedrala,1
cauces,1
cauda,1
cauderats,1
cauilhar,1
cauishigada,1
cauma,1
caumàs,1
cc,1
cèc,1
cecília,1
cede,1
cègues,1
celebrar,1
celebre,1
celèbren,1
celha,1
celhes,1
cellhes,1
centes,1
centimètres,1
centraus,1
centura,1
cercador,1
cercadors,1
cercaironha,1
cercs,1
cerdanyola,1
cerida,1
ceridèr,1
cerque,1
cerques,1
cèrt,1
cervelló,1
cervera,1
cervèra,1
césar,1
cèudubèrt,1
cha,1
chafardèr,1
chapèu,1
charraira,1
charraires,1
chassís,1
chato,1
ches,1
chile,1
chinesa,1
chuc,1
ci,1
cian,1
ciclisme,1
cigala,1
cigne,1
cilindrics,1
cimeron,1
cin,1
cinèmes,1
cinta,1
cisèu,1
citronèr,1
ciutadans,1
civilizacion,1
clar,1
clarà,1
claròtes,1
clars,1
clases,1
claua,1
clients,1
clima,1
cliniques,1
cochàs,1
cochet,1
code,1
codec,1
còden,1
codes,1
codinaua,1
codine,1
codinèr,1
codinères,1
codinetes,1
coeta,1
cogèra,1
cogitós,1
cogot,1
cogòt,1
coisha,1
coishes,1
coishi,1
coishinèra,1
cojardet,1
cojardets,1
còla,1
colader,1
collaboracion,1
colleccion,1
collègi,1
coloma,1
colòmbia,1
colombian,1
colomna,1
colomnes,1
colònia,1
colònies,1
comença,1
començat,1
començaue,1
comencè,1
comèrci,1
comet,1
comjuga,1
compaginar,1
compaginaràn,1
companhes,1
companhia,1
compdagotes,1
compdam,1
compdaquilomètres,1
compdat,1
compdes,1
compèta,1
compléta,1
complicacions,1
complicada,1
complicat,1
compraries,1
comprenen,1
compréner,1
compreni,1
comprení,1
comprenie,1
comprenien,1
comprimit,1
compromís,1
comprovar,1
comprovaràs,1
comprovàuem,1
concepcion,1
concert,1
concèrts,1
concessionari,1
conchita,1
concors,1
condes,1
condicions,1
conductors,1
condusisqui,1
condusitz,1
coneguen,1
coneishec,1
coneisher,1
coneishéssetz,1
coneishetz,1
coneishia,1
coneishíem,1
coneixem,1
conéixer,1
coneixíem,1
conferéncia,1
confetures,1
confiança,1
confiar,1
confíem,1
confirmèren,1
confit,1
confitèr,1
confiteria,1
congelador,1
congelat,1
conilhs,1
conjugats,1
conjunt,1
connectar,1
connectat,1
consciéncia,1
conselh,1
conselhèr,1
conselheria,1
conservar,1
consèrves,1
consistís,1
constipada,1
contacte,1
contagion,1
contaminar,1
contaminèsse,1
contemplar,1
contenedor,1
contenedors,1
contents,1
contesta,1
contestè,1
contestèc,1
contien,1
contra,1
contreras,1
contunha,1
contunhaue,1
contunhi,1
conven,1
convençut,1
convengue,1
conveni,1
convenient,1
convèrsa,1
convertís,1
convida,1
convidadi,1
convidats,1
convidès,1
convidèsses,1
convidèssetz,1
convier,1
convierie,1
convincentes,1
còp,1
copes,1
còpia,1
còpien,1
còpii,1
copuda,1
còques,1
còr,1
corau,1
còrdova,1
coret,1
corgues,1
cornishon,1
cornishons,1
coromines,1
corporat,1
corre,1
corrèctament,1
correctora,1
corregir,1
corregissen,1
corren,1
correspondéncia,1
corresponentes,1
corresponents,1
corresponguen,1
correus,1
corrie,1
corrien,1
corsa,1
cortés,1
cos,1
cosedora,1
coseràs,1
còssi,1
costa,1
còsta,1
costats,1
còste,1
costipèc,1
coth,1
còth,1
coton,1
còva,1
covarda,1
covardes,1
covards,1
cravates,1
crebar,1
crebat,1
creguie,1
creguien,1
creiguda,1
creiguem,1
creiguent,1
creiguetz,1
creiguia,1
creiguien,1
creishen,1
crèma,1
cremalhèra,1
cremar,1
cremaràs,1
cremèc,1
cren,1
cres,1
cric,1
crica,1
cridaira,1
cridaire,1
cridaue,1
cridauen,1
criden,1
cridetz,1
cristian,1
cristina,1
criticaira,1
criticaire,1
críu,1
crompadora,1
cromparè,1
crompatz,1
crompaue,1
crompauen,1
crompe,1
crompè,1
crompen,1
crompèren,1
crompes,1
crompès,1
crompre,1
cronic,1
cronica,1
cronologicament,1
crotzadi,1
crta,1
crubador,1
crubat,1
crubes,1
crus,1
cub,1
cuberts,1
cueishes,1
cuelh,1
cuelhen,1
cuelheta,1
cuerti,1
culhera,1
culherada,1
culheran,1
culherassa,1
culhères,1
culhereta,1
culta,1
culte,1
cultes,1
culturism,1
cunhats,1
curiós,1
curriculum,1
currículum,1
dalí,1
dance,1
dancèren,1
dangierosi,1
daniel,1
daram,1
darrèraments,1
das,1
dat,1
dauant,1
daurien,1
daurim,1
daurisqua,1
daurisques,1
daurisqui,1
daurissen,1
david,1
decebedor,1
decidic,1
decidíretz,1
declaracion,1
declaracions,1
dedicar,1
dedicaràn,1
dedicatz,1
dediquèc,1
dediques,1
dediqui,1
defensor,1
dèisha,1
deishada,1
deisharè,1
deisharíem,1
deishè,1
dèishe,1
dèishes,1
deishèssen,1
delicades,1
delinqüent,1
deliri,1
delth,1
delu,1
demanarà,1
demanarè,1
demanatz,1
demanauen,1
demanès,1
demani,1
demora,1
demoraua,1
demorauen,1
demorave,1
demorèc,1
demores,1
demori,1
demostratiu,1
dentassa,1
denteta,1
deora,1
depen,1
dependent,1
dependentes,1
dependents,1
dèren,1
derivat,1
desanimat,1
desastre,1
desbrembar,1
desbrembaràs,1
desbrembàuem,1
descongelar,1
descongelèc,1
desconnectar,1
descoratjada,1
descripcions,1
descríuer,1
desembossar,1
desembraga,1
desembragar,1
desencusa,1
deshèt,1
desiri,1
desnivèu,1
desnivèus,1
desordenat,1
despache,1
desparièr,1
despatx,1
despenes,1
despolhar,1
dessenhador,1
dessus,1
desvelhar,1
desvelharàs,1
desvelharatz,1
desvelharè,1
desvelhat,1
desvitzar,1
desvitzat,1
detalhs,1
detengueren,1
detengut,1
detier,1
dètzau,1
deuia,1
dèzt,1
diada,1
dialògs,1
diaris,1
diboishats,1
diboishes,1
diccionnari,1
dictat,1
didem,1
dideren,1
dideríem,1
didetz,1
didie,1
didies,1
diferéncia,1
diferéncies,1
dificil,1
dificultats,1
digestion,1
digué,1
diguec,1
digueren,1
diguí,1
diguís,1
dimenges,1
dinam,1
dinamic,1
dinaria,1
dinarie,1
dinaríem,1
dinarien,1
dinaries,1
dinaríetz,1
dinat,1
dinaua,1
dine,1
dipòsit,1
dir,1
dirècta,1
dirècte,1
dirèctes,1
directores,1
directors,1
dirigís,1
disbarat,1
disc,1
discors,1
discossions,1
discotèca,1
discutissen,1
dissabtes,1
distrèir,1
distrèt,1
ditàs,1
ditet,1
divertida,1
divertides,1
divertíem,1
divertit,1
dividís,1
dividisses,1
dni,1
doana,1
dobla,1
doble,1
dobti,1
dobtósa,1
doces,1
dochat,1
doches,1
dochi,1
dòci,1
document,1
documents,1
dolenta,1
dolentes,1
dòmino,1
dona,1
donat,1
donc,1
donga,1
dongue,1
dongui,1
dor,1
dormir,1
dormís,1
dormitz,1
dotzau,1
dotzenes,1
drapaire,1
draps,1
dre,1
drecèra,1
drets,1
dring,1
droguistaria,1
dromís,1
drormit,1
dubèrta,1
dur,1
dura,1
dure,1
durícia,1
durs,1
dvd,1
ebèn,1
ebenista,1
editor,1
educacion,1
èfa,1
egaument,1
egipcians,1
egipte,1
éi,1
eixample,1
eixerit,1
èla,1
elaborades,1
eleccions,1
electric,1
electrica,1
electrician,1
electricitat,1
elefant,1
element,1
elements,1
elisabet,1
ell,1
ellipse,1
elòi,1
elth,1
èma,1
embaderat,1
embarcader,1
embarcador,1
embarrar,1
embenar,1
embolicar,1
emborrachar,1
embossar,1
embrembaua,1
emigrat,1
emigrèc,1
emocionant,1
emocionarè,1
empach,1
empentassèc,1
emperi,1
emplegadi,1
emplegar,1
emplegaries,1
emplegat,1
emplegatz,1
empleguen,1
empleguetz,1
empordà,1
emportatz,1
emportèc,1
empotèc,1
empresari,1
empresària,1
empresaris,1
èna,1
enamorada,1
enamorat,1
encalhar,1
encalhat,1
encalhèc,1
encante,1
encargada,1
encargades,1
encargat,1
encargats,1
encarguè,1
encarguèren,1
encargues,1
endarrèr,1
endavant,1
endonviat,1
endonvies,1
endonvietes,1
endravada,1
endreçada,1
endreçarà,1
endurir,1
endurís,1
energia,1
enfade,1
enfadèren,1
enfadi,1
enfosquit,1
enganchatz,1
enganchetz,1
enganhat,1
enganhe,1
engenhaire,1
engolopa,1
enguegiu,1
engüegiu,1
engüegiues,1
enigma,1
enigmes,1
enlaça,1
enloc,1
enlòc,1
enlordís,1
enlordisque,1
enlordísquetz,1
enonciats,1
enquiara,1
enrabie,1
enriquit,1
ensenha,1
ensenhen,1
ensopit,1
entad,1
entar,1
enten,1
entenec,1
enténer,1
entenèsse,1
entrades,1
entrat,1
entrèc,1
entrecueisha,1
entrenador,1
entrenar,1
entrene,1
entrepan,1
entrepans,1
entrèren,1
entretenguda,1
entretier,1
entrevista,1
entrevistes,1
entri,1
envia,1
enviar,1
enviatz,1
envielhit,1
envies,1
envolòpa,1
eo,1
epòca,1
equip,1
equipatge,1
equivalent,1
èrba,1
èrem,1
eretèra,1
ereu,1
eriós,1
ernest,1
eròi,1
eroïna,1
erosament,1
èrra,1
esberit,1
escacs,1
escales,1
escalonha,1
escampatz,1
escampave,1
escampetz,1
escapat,1
escaravat,1
escarchòfa,1
escarchòfes,1
escares,1
escarrabilhada,1
escauador,1
escauhèc,1
esclarit,1
esclau,1
esclaua,1
escocés,1
escòcia,1
escòles,1
escotam,1
escotàuem,1
escote,1
escoti,1
escriguatz,1
escrigues,1
escriuen,1
escriuent,1
escriues,1
escriuetz,1
escrivan,1
escrivanes,1
escuelh,1
escura,1
esdegar,1
esdejoaria,1
esdejoaríem,1
esdejoarien,1
esdejoaries,1
esdejoaríetz,1
esdejoat,1
esdejoaua,1
esfaçador,1
esfaçat,1
esforçar,1
esgarrapar,1
esguitlada,1
eslinguar,1
eso,1
espaciós,1
espanha,1
espant,1
espantèren,1
espantosa,1
espantoses,1
esparrecat,1
espartida,1
espartim,1
espartir,1
espatla,1
espatlar,1
espauritz,1
especiaument,1
espectacl,1
espelada,1
esperança,1
esperances,1
espés,1
espesses,1
espessi,1
espinard,1
esplèndid,1
esplinga,1
esponja,1
espontanèament,1
espontanèu,1
esporadics,1
esqui,1
esquí,1
esquiadors,1
esquiar,1
esquitarrejada,1
esquiven,1
èssa,1
ésser,1
èst,1
establic,1
establir,1
estabordida,1
estabordides,1
estabordiment,1
estabordit,1
estabordits,1
estacar,1
estadístiques,1
estanquèr,1
estanquèra,1
estant,1
estatge,1
estats,1
estatua,1
estatz,1
estàuem,1
estauviaríem,1
estela,1
esténer,1
ester,1
estetz,1
estialha,1
estimada,1
estimadi,1
estimar,1
estimaria,1
estimats,1
estimaue,1
estongues,1
estramuncada,1
estramuncar,1
estranhe,1
estranhes,1
estranhs,1
estrear,1
estrearàs,1
estrees,1
estrelhat,1
estrenh,1
estret,1
estretes,1
estudi,1
estudianta,1
estudiarà,1
estudièc,1
estúdien,1
estudièren,1
estúdies,1
estufa,1
estug,1
esturment,1
etrusc,1
euforic,1
euròpa,1
eva,1
evenement,1
evolucionar,1
evolucionarà,1
exacta,1
exactes,1
examen,1
excel·lent,1
exclamativa,1
exclusiu,1
exclusivament,1
exemples,1
explicar,1
explicaram,1
explicat,1
explicaue,1
expliquèc,1
expliquen,1
expliques,1
explosion,1
explosions,1
exposicion,1
expressions,1
extraordinària,1
extravaganta,1
extremada,1
fabriques,1
facil,1
facils,1
factures,1
faena,1
falhe,1
falta,1
falten,1
faltes,1
familha,1
família,1
familiars,1
fantàstic,1
farcit,1
farmaceutic,1
farmaceutica,1
farràs,1
faussa,1
favor,1
febla,1
febles,1
feliça,1
felici,1
felicitacions,1
felicitar,1
felicitat,1
felip,1
femelh,1
femenins,1
fenianta,1
ferran,1
ferrer,1
ferretaria,1
fhustèr,1
fidi,1
figueres,1
fillet,1
fina,1
finalament,1
firaire,1
fisica,1
fixa,1
flècha,1
flèches,1
florint,1
florir,1
florís,1
floristeria,1
floristes,1
florit,1
foncionament,1
foncione,1
fòrá,1
força,1
fòrçá,1
fòrces,1
format,1
formidable,1
fórt,1
fòrti,1
fortuna,1
fosc,1
fosques,1
fotografia,1
fotografiar,1
fòtos,1
fracassada,1
fracassat,1
frair,1
francesa,1
frederic,1
fregà,1
fregar,1
fregides,1
fregim,1
fregir,1
freqüent,1
fresques,1
fresqui,1
frisats,1
frutes,1
furiós,1
fusta,1
futura,1
gadinhave,1
galehtes,1
galhòfa,1
galícia,1
gall,1
gambes,1
gana,1
garantia,1
garantizè,1
garcia,1
gargolha,1
garièra,1
gasolinèra,1
gaste,1
gauta,1
gegants,1
gelada,1
gelera,1
gelós,1
generalitat,1
generau,1
geniau,1
genr,1
geografics,1
gerard,1
gerondiu,1
gerundi,1
gesca,1
gesquen,1
gesques,1
gessem,1
gesseràn,1
gesseràs,1
gessérem,1
gesseren,1
gesséren,1
gesserien,1
gesses,1
gessie,1
gessuda,1
gèste,1
gèu,1
gi,1
giménez,1
gimnàs,1
gimvert,1
gingorla,1
girona,1
gisela,1
gitèra,1
gizeh,1
glèisa,1
glop,1
glopejar,1
gojatàs,1
gojatassa,1
gojatet,1
gojateta,1
gol,1
gòma,1
gos,1
gosadi,1
gosat,1
gotejant,1
gotejar,1
gotejaue,1
gràcia,1
gracios,1
graciós,1
grad,1
graets,1
grafía,1
granàs,1
granet,1
granja,1
granor,1
grassàs,1
grasset,1
grasseta,1
gratuïta,1
grèc,1
grècia,1
grèga,1
gris,1
gròssa,1
gu,1
guaie,1
guaira,1
guanhadors,1
guanhar,1
guanharam,1
guanharie,1
guanharíem,1
guanhat,1
guanhe,1
guardam,1
guardarè,1
guardarie,1
guardarien,1
guardat,1
guardàuem,1
guardauen,1
guarde,1
guarden,1
guardèren,1
guardes,1
guarir,1
guarnir,1
güè,1
güell,1
gues,1
guida,1
guillem,1
guimerà,1
guinhauetàs,1
guinhauetet,1
guiterós,1
guiterosa,1
guiteroses,1
guiterosi,1
gustet,1
gusti,1
handbòl,1
hantaumes,1
haratz,1
haríem,1
haríetz,1
haua,1
haure,1
hègem,1
hèges,1
hèira,1
heireda,1
hèja,1
heren,1
hèren,1
hèretz,1
hereuèr,1
herida,1
herie,1
herir,1
hèscam,1
hèscatz,1
hèsquen,1
hessa,1
hesse,1
héssem,1
hèssem,1
hessen,1
hèssen,1
héssetz,1
hèssetz,1
hestejar,1
hètes,1
hèti,1
hièstres,1
higa,1
higuèra,1
higues,1
higut,1
hilhonha,1
hilhoquèra,1
hitge,1
hlatsades,1
hlatssada,1
hol,1
hòla,1
holades,1
holandés,1
hòles,1
hòli,1
hóner,1
hònt,1
honut,1
hor,1
horat,1
horats,1
hormiguer,1
hormiguèr,1
hormigues,1
hornèr,1
hornèra,1
hòrta,1
huecs,1
hugo,1
husta,1
huster,1
hustèra,1
husteria,1
hustèrs,1
hustes,1
ia,1
icsa,1
idèa,1
identifique,1
idiòmes,1
idrofil,1
igièna,1
ignasi,1
igualment,1
iii,1
iiii,1
illuminada,1
imma,1
immediat,1
immediatament,1
imp,1
imperfèct,1
impèrfete,1
impermeable,1
importacion,1
importanta,1
impressionant,1
imprimir,1
includits,1
increïble,1
indefinits,1
indicar,1
indicats,1
indigna,1
indigne,1
indignes,1
indiquèsse,1
infermèra,1
infirmièr,1
infirmièra,1
influéncia,1
informacions,1
informar,1
informatica,1
inguinau,1
injeccion,1
injeccions,1
innocent,1
inondar,1
inondèren,1
inquiet,1
inquieta,1
inquietes,1
inquieti,1
inquietud,1
inscriuer,1
insomnia,1
inspector,1
inspectora,1
inspectores,1
insuportable,1
intelligent,1
intencion,1
interès,1
interèsi,1
intermitent,1
internacionau,1
interpretacion,1
invencible,1
invertertisqui,1
invertia,1
invertie,1
invertíem,1
invertien,1
inverties,1
invertíetz,1
invertim,1
invertís,1
invertissen,1
invertisses,1
invertitz,1
inze,1
iòde,1
iògort,1
iogurts,1
ipocrita,1
ipocrites,1
ipotèsi,1
irangèr,1
iranjada,1
ireues,1
ironia,1
isabel,1
ish,1
ishin,1
isidòr,1
isolanta,1
iuern,1
iugoslau,1
izèda,1
jaci,1
james,1
jane,1
japon,1
japoneses,1
jardin,1
jinverd,1
jogadora,1
jogadors,1
jogàuem,1
joguèc,1
jòguen,1
joguetz,1
joieria,1
jolh,1
jordi,1
jornau,1
josé,1
journau,1
juan,1
júlia,1
jurèretz,1
justa,1
justifique,1
jutgessa,1
jutjat,1
keds,1
lac,1
laçantz,1
lacet,1
laia,1
lairèc,1
lairon,1
lairons,1
lançatz,1
lances,1
lancetz,1
langoïssa,1
larèr,1
laua,1
lauader,1
lauaetz,1
lauaríem,1
lauat,1
laue,1
laues,1
laugèr,1
laura,1
lavabo,1
lè,1
lec,1
lecada,1
leçon,1
leg,1
leit,1
leituga,1
leitugues,1
lents,1
leons,1
lesca,1
letras,1
lha,1
lhè,1
lhets,1
lheuam,1
lheuat,1
lheuaue,1
lheue,1
lheuen,1
lhèuen,1
lheues,1
lheui,1
libretèr,1
libretèra,1
licenciada,1
liegi,1
liegien,1
liejut,1
linçòs,1
liquid,1
lisboa,1
lisset,1
lista,1
litèra,1
liura,1
liures,1
llorenç,1
logaria,1
logarie,1
logaríem,1
logarien,1
logaries,1
logaríetz,1
logatz,1
loguèr,1
lol,1
lomb,1
londres,1
lorda,1
luç,1
lúder,1
ludie,1
luèra,1
lugo,1
luis,1
lumedars,1
ma,1
madrid,1
madur,1
madura,1
magdalena,1
magri,1
mags,1
mairia,1
mairs,1
maishèra,1
maitiada,1
maitins,1
major,1
màlaga,1
malament,1
malanconia,1
maleta,1
maletes,1
malhòrca,1
malhorquina,1
malhorquines,1
malhorquins,1
malhs,1
maluc,1
mama,1
manacòr,1
manassa,1
mancaua,1
mancaue,1
mànec,1
maneta,1
mania,1
manlleu,1
manque,1
manresa,1
mantier,1
manuau,1
mapa,1
mapes,1
maquina,1
maquineta,1
marcel,1
marcharia,1
marches,1
marejar,1
margarita,1
maridada,1
maridades,1
maridadi,1
maridar,1
maridats,1
maridèc,1
maridèrem,1
marina,1
mariona,1
marròc,1
marroquin,1
mars,1
marteth,1
mascl,1
masculi,1
masculins,1
massatges,1
mastressa,1
mat,1
mateix,1
matematiques,1
matinada,1
matricula,1
matricular,1
maugrat,1
maumetèc,1
maumeter,1
maumetut,1
mauparat,1
maurici,1
mecanics,1
mecha,1
meche,1
mediterranèa,1
mejana,1
mejanes,1
melhors,1
melic,1
melodrames,1
melons,1
menjar,1
menorca,1
menòrca,1
mensuau,1
mentides,1
mentinèr,1
menú,1
menuta,1
meravelha,1
meravelhós,1
merca,1
mèrca,1
mercar,1
merceria,1
mèrques,1
messi,1
mèstr,1
mestrèren,1
mesures,1
meta,1
metallurgica,1
metec,1
meten,1
meterà,1
meteràs,1
meteren,1
meterien,1
mètg,1
mètges,1
metís,1
mètres,1
meus,1
mèxic,1
miau,1
micha,1
michonàs,1
michonet,1
miegi,1
mieis,1
miejanet,1
mielhor,1
migrós,1
milers,1
milèrs,1
mili,1
milion,1
milionari,1
minerau,1
mingèc,1
mingès,1
mingetz,1
mingi,1
minjadoràs,1
minjadoret,1
minjarà,1
minjars,1
minjat,1
minjaua,1
miquel,1
miquèl,1
mirà,1
mirar,1
mireia,1
misharnons,1
mitja,1
mitjó,1
miule,1
mixt,1
mixta,1
mixtes,1
mixti,1
mò,1
moblat,1
moblats,1
mocadors,1
mochets,1
moigatz,1
mòigues,1
moiguetz,1
moigui,1
moiguts,1
mòja,1
moll,1
mollerussa,1
mollusc,1
moltben,1
moneda,1
monge,1
mongeta,1
mongetes,1
moniat,1
monica,1
monicipau,1
monitor,1
monitors,1
monja,1
monstre,1
monstres,1
montador,1
montar,1
montjuïc,1
montseny,1
monuments,1
mooo,1
mor,1
morat,1
moric,1
morir,1
moriren,1
morís,1
morisses,1
morrut,1
mòrt,1
mortaus,1
mosaïc,1
mosca,1
mosquetèra,1
mostrar,1
moto,1
motociclisme,1
motor,1
motorista,1
motoristes,1
mòtos,1
mudada,1
municipau,1
múrcia,1
muscles,1
museu,1
musèu,1
musèus,1
musician,1
nacionau,1
naix,1
napa,1
napes,1
nàpols,1
naps,1
narrador,1
nascut,1
nassi,1
nata,1
natacion,1
naturalitat,1
naturau,1
nauament,1
nauau,1
naues,1
naufrag,1
nàufrag,1
naui,1
nautavotzs,1
nauti,1
navègui,1
negacion,1
negatiu,1
negociar,1
neihsís,1
neishement,1
neishís,1
neres,1
neri,1
nervioses,1
nerviosi,1
nervis,1
néta,1
netegem,1
neteges,1
neteja,1
netejam,1
netejaparabrisa,1
netejar,1
netes,1
nèules,1
neurís,1
neutra,1
neutre,1
ng,1
nheu,1
nivèu,1
nobla,1
noble,1
nobles,1
nom,1
nombre,1
nòmcomplèt,1
noms,1
nòrd,1
normauments,1
nosasti,1
nòtes,1
nova,1
novanta,1
novèlla,1
novelles,1
noveme,1
nòvi,1
nòvia,1
ns,1
nteress,1
ntip,1
nuclears,1
numèro,1
numeros,1
numeròs,1
nùria,1
obedient,1
objectes,1
obligacion,1
obtier,1
oceans,1
òdi,1
oelha,1
ofèlia,1
ofici,1
olga,1
òlga,1
omicida,1
omicides,1
ondulats,1
onèst,1
onèsti,1
onzau,1
opcions,1
opines,1
opinion,1
oportunitat,1
optar,1
optic,1
oraris,1
ordenadors,1
ordenat,1
ordenats,1
orfanèl,1
orgulh,1
origina,1
oriòl,1
orquèstra,1
ortalécia,1
ortalécies,1
os,1
ós,1
ospitalèr,1
otèl,1
otèls,1
òu,1
oxford,1
pablo,1
pacéncia,1
paciéncia,1
pacienta,1
pacifica,1
pacifiques,1
pacte,1
padena,1
paga,1
pagament,1
païa,1
palai,1
palamós,1
palet,1
palhasso,1
paloma,1
pana,1
panat,1
panèren,1
panes,1
pans,1
panses,1
pantalha,1
papa,1
paperassa,1
paperera,1
paperères,1
papereria,1
paperet,1
paperina,1
parabrisa,1
parada,1
paradís,1
paraigüer,1
paraigües,1
paralua,1
parçan,1
parcar,1
parcatges,1
parcats,1
parchís,1
pardies,1
pardinyes,1
paredèrs,1
parelahts,1
parelhat,1
parelhya,1
parenta,1
parentèsi,1
parentiu,1
parets,1
parièr,1
parièrs,1
parlant,1
parlaria,1
parlat,1
parlaue,1
parles,1
parlèssa,1
parlèssen,1
parli,1
parpalhòla,1
parpalhòles,1
parquen,1
parquetz,1
parròquia,1
participi,1
partits,1
passam,1
passarà,1
passaries,1
passatge,1
passatz,1
passaue,1
passàuem,1
passauen,1
passejaua,1
passejaue,1
pastilha,1
pastilhes,1
pastissèra,1
pastisseria,1
patac,1
pati,1
patim,1
patiment,1
patinatge,1
patir,1
patíretz,1
patís,1
patisque,1
patisses,1
patron,1
patz,1
paurucs,1
paurugues,1
paviment,1
pe,1
peberòts,1
pedants,1
pedrera,1
pedro,1
peir,1
peiregat,1
pèires,1
peishater,1
peishatèr,1
peishatèra,1
peishi,1
peishigada,1
peishigar,1
pejor,1
pelat,1
pelegi,1
pelejat,1
pelejàuem,1
pelhot,1
pelhòt,1
pelhôt,1
pendengla,1
penet,1
penis,1
penjar,1
penjat,1
penjatz,1
pensa,1
pensament,1
pensaràs,1
pensat,1
pensàuem,1
pensaues,1
pensàuetz,1
penya,1
pèrde,1
perdem,1
pèrden,1
pèrdes,1
perdetz,1
perdi,1
perdí,1
perdie,1
perdíem,1
perdien,1
perdies,1
perdíetz,1
perdonar,1
perèra,1
perfectament,1
perfèctes,1
perilhós,1
periodistes,1
permeten,1
permeterè,1
permetien,1
perroquets,1
perruquèr,1
perruquèra,1
perseguèr,1
persescs,1
persiana,1
persianes,1
personals,1
personau,1
personaus,1
pertot,1
pesada,1
peuàs,1
piano,1
picar,1
picat,1
piechs,1
pientadèr,1
pientar,1
pientat,1
piente,1
piga,1
pigat,1
pigats,1
pigues,1
pilòtes,1
pinha,1
pintarè,1
pintaria,1
pintes,1
pintèsse,1
pipa,1
piquent,1
pirenèu,1
pissarres,1
pla,1
plaçada,1
plaçades,1
placard,1
placards,1
planchista,1
planes,1
planhie,1
plant,1
plantèr,1
planvengut,1
plasent,1
plaser,1
plastre,1
plàtan,1
plàtans,1
platges,1
plats,1
plea,1
plegadet,1
ploiguec,1
ploiguent,1
ploiguie,1
ploigut,1
ploirà,1
ploms,1
ploraue,1
plorauen,1
ploren,1
pluja,1
plujos,1
plum,1
pluma,1
pluraus,1
pn,1
pòbl,1
poblacion,1
poble,1
pòbles,1
pòchas,1
pòdem,1
podent,1
poderam,1
poderè,1
poderia,1
poderie,1
poderíem,1
poderien,1
poderies,1
poderíetz,1
podessa,1
podesse,1
podéssem,1
podessen,1
podesses,1
podéssetzs,1
podíem,1
podíetz,1
poèta,1
poètes,1
poga,1
pogam,1
pogatz,1
pogué,1
poguem,1
poguen,1
pògues,1
poguessa,1
poguesse,1
poguéssem,1
poguessen,1
poguesses,1
poguéssetz,1
poguetz,1
pòinter,1
poirà,1
poiram,1
poiràn,1
poiràs,1
poiratz,1
poirè,1
poirir,1
poirisque,1
pol,1
poladèr,1
polícia,1
policiaques,1
polides,1
polidi,1
polinyà,1
polonés,1
polònia,1
pols,1
pomèr,1
pometa,1
pometal,1
pompièr,1
pòquer,1
pòques,1
pòqui,1
porics,1
pòrro,1
pòrros,1
pòrt,1
portam,1
portarè,1
portatz,1
portauen,1
portàuetz,1
portella,1
pòrtem,1
portèra,1
porteria,1
portèssem,1
portugués,1
portuguesi,1
poruc,1
pòsa,1
posaria,1
posés,1
possat,1
possatz,1
possessiu,1
postau,1
pòstre,1
pot,1
povàs,1
practic,1
prat,1
praubissonha,1
preciosa,1
precisament,1
precòça,1
preferisqui,1
preferissen,1
preferits,1
premaniren,1
premanits,1
premiadi,1
premsa,1
premsar,1
preneràn,1
prengue,1
preníem,1
prenut,1
preocupada,1
preocupades,1
preocupadi,1
preocupes,1
preòcupes,1
prepausa,1
prepausades,1
preposicion,1
pres,1
presentarà,1
presentaria,1
presentatz,1
presenten,1
presentès,1
presentèssen,1
presenti,1
presents,1
presidenta,1
prèssa,1
pressar,1
presumit,1
pretenies,1
preterit,1
pretz,1
prevé,1
pri,1
princes,1
princessa,1
privat,1
probable,1
problèmes,1
procurar,1
procurarà,1
produccion,1
productes,1
productor,1
produsís,1
professionaus,1
professores,1
profit,1
programa,1
programador,1
programar,1
programes,1
proibicion,1
proibien,1
proibisque,1
proibisse,1
projècte,1
prometec,1
prometérem,1
prometeren,1
prometi,1
propietari,1
propietaris,1
protèste,1
pròva,1
provaue,1
provedís,1
pròves,1
prua,1
prudent,1
prudenta,1
pruèra,1
prumèri,1
prumèrs,1
public,1
publica,1
publicitari,1
pudor,1
pugèc,1
pujarien,1
pujàuem,1
puje,1
punar,1
punchada,1
punchè,1
punchent,1
punet,1
punh,1
punta,1
puntaira,1
puntes,1
punts,1
puntuau,1
puntuaument,1
puntuaus,1
quadèrn,1
quadrats,1
quadrilhatge,1
quantificador,1
quantitatiu,1
quaquarrés,1
quarrats,1
quau,1
quauqu,1
quauquarren,1
quaus,1
quedaràn,1
quedarien,1
quedaries,1
quedatz,1
queden,1
quedes,1
queds,1
queiguíem,1
queigut,1
quèn,1
quèr,1
quèrra,1
ques,1
questions,1
quilhes,1
quilomètre,1
quilomètres,1
quim,1
quimica,1
quimiques,1
quirze,1
quotidian,1
raça,1
raciós,1
radiador,1
rag,1
raiat,1
raies,1
rajòla,1
rancho,1
rang,1
raquel,1
rason,1
rasons,1
raspa,1
rateta,1
rauca,1
rave,1
readméter,1
realitat,1
realizacion,1
realizador,1
rebaishar,1
rebaishen,1
rebot,1
rebòt,1
rebrembes,1
rebrembi,1
rebremes,1
recambis,1
recebedor,1
recebérem,1
receberen,1
recebetz,1
recebuts,1
recepcionistes,1
recèptes,1
recitar,1
recitauen,1
reclama,1
reclamacions,1
reclame,1
reclamèren,1
recollí,1
recollir,1
recomanen,1
reconstruís,1
reconstrusir,1
reconstrusís,1
recuelhi,1
redona,1
redoneta,1
redoni,1
redusigatz,1
redusís,1
referéncia,1
reflectissen,1
reflexiu,1
reflexius,1
refranh,1
refresqui,1
règa,1
regalarè,1
regalat,1
regale,1
regalèc,1
regalen,1
regalèren,1
regaudic,1
regim,1
règla,1
regulara,1
rei,1
reig,1
rèisha,1
relacion,1
relacionar,1
relacionen,1
relacions,1
relampit,1
religion,1
religions,1
relotge,1
relòtges,1
remoquets,1
renclosa,1
reng,1
reparacion,1
repartim,1
repartiment,1
repàs,1
repassa,1
repassar,1
repassi,1
repeteix,1
reposaues,1
repòses,1
repotegaire,1
repoteguen,1
representant,1
representen,1
reputadi,1
reputat,1
res,1
resòlv,1
resòlven,1
respirar,1
respona,1
responam,1
responatz,1
respone,1
responec,1
responen,1
respóner,1
responérem,1
respones,1
responsable,1
resumien,1
resumir,1
retard,1
retortilh,1
revelh,1
ribòt,1
rica,1
ricard,1
rius,1
ròbes,1
roc,1
ròck,1
rodolins,1
rodrigo,1
ròis,1
roma,1
romagosa,1
roman,1
romana,1
ronda,1
ros,1
ròs,1
rosa,1
rosario,1
ròsca,1
roselló,1
roser,1
roses,1
rovira,1
rquilha,1
rra,1
rt,1
ru,1
ruano,1
rubí,1
ruc,1
rugbi,1
ruiz,1
russos,1
sabatassa,1
sabatèra,1
sabateria,1
sabateta,1
saberies,1
sabetz,1
sabia,1
sabies,1
sabíetz,1
sabons,1
sacs,1
sageth,1
sagèths,1
sagrada,1
sajat,1
sala,1
salada,1
salon,1
salou,1
salt,1
samarreta,1
san,1
sana,1
sanes,1
sanglo,1
sanglòt,1
sans,1
santa,1
santi,1
sàpie,1
sar,1
sardenya,1
sardina,1
sardines,1
sarra,1
sarrampilhon,1
sarrat,1
sartres,1
sason,1
satisfactòri,1
saumeta,1
saumeth,1
saut,1
sauta,1
sautatz,1
sautes,1
sautetz,1
sauts,1
sauvar,1
sauvatges,1
sauvatz,1
sauve,1
sauvèc,1
sciéncies,1
secretaria,1
segondària,1
següents,1
seguissen,1
segurament,1
seguretat,1
seigatz,1
seiguda,1
seigues,1
sèigues,1
seiguetz,1
seiguíem,1
seiguíetz,1
seigut,1
seir,1
seleccion,1
selecciona,1
semafòr,1
semblaue,1
semblauen,1
sembli,1
seme,1
semensalhes,1
semèstre,1
sémia,1
sencer,1
sencera,1
senceres,1
senhau,1
senhores,1
senhoreta,1
senmenat,1
sensacional,1
sensacionau,1
sensacions,1
sentí,1
sentim,1
sentiments,1
sentir,1
sentís,1
sentissen,1
sentisses,1
sentit,1
sentitz,1
sèpia,1
sèr,1
seratz,1
seren,1
serena,1
serenes,1
serens,1
sergio,1
seria,1
seríem,1
series,1
seriós,1
seriosa,1
seriosament,1
sèrps,1
serra,1
servei,1
servisquen,1
servissen,1
setau,1
sèties,1
sètis,1
setmanau,1
setmanaus,1
shàtiva,1
sherèra,1
shinhaus,1
shirats,1
shòrde,1
shuga,1
shugar,1
shugaveires,1
shugue,1
shuqueta,1
shuta,1
sia,1
sicília,1
sieta,1
sietassa,1
siètes,1
sieteta,1
siga,1
sigam,1
sigatz,1
signar,1
signes,1
siguam,1
sigueren,1
sigues,1
siguessa,1
siguesse,1
siguéssem,1
siguesses,1
siguéssetz,1
silenciós,1
simbèu,1
simon,1
simpàtic,1
simpla,1
singulars,1
sirèna,1
siròp,1
sobres,1
sòci,1
societat,1
sofa,1
sofàs,1
sofregit,1
soís,1
soïssi,1
soleiat,1
solèr,1
solett,1
sòlia,1
sòlid,1
solida,1
solides,1
solids,1
sòlie,1
solíem,1
sòlien,1
sòlies,1
solíetz,1
sollicitant,1
solliciten,1
sollicitud,1
soluciona,1
solucionar,1
solucionarà,1
solucionèc,1
somni,1
sòne,1
sònen,1
sons,1
sopam,1
soparam,1
soparia,1
soparie,1
soparíem,1
soparien,1
soparies,1
soparíetz,1
sopat,1
sopatz,1
sopaua,1
sope,1
sopes,1
sopi,1
sorrut,1
sortege,1
sortegen,1
sorteges,1
sorteja,1
sortejam,1
sortejatz,1
sos,1
sosten,1
sostens,1
stòp,1
subjontiu,1
subjuntiu,1
substantiu,1
substantius,1
substituís,1
succés,1
sud,1
sudor,1
suedés,1
suers,1
sufisent,1
sufisentes,1
sulfatar,1
supermercat,1
supòsi,1
suspeneràs,1
sustot,1
tabac,1
tabelhes,1
tacar,1
tacat,1
tacte,1
tad,1
tainom,1
talents,1
talha,1
talhar,1
talhat,1
talhs,1
talonari,1
tamponada,1
tampones,1
tanti,1
tapatjós,1
tapis,1
tapís,1
tapissats,1
tapissèr,1
tapissi,1
taques,1
taquets,1
taraidora,1
tarcum,1
tardat,1
tasses,1
taul,1
taulad,1
taules,1
tauletes,1
taurelh,1
taxista,1
tbotesst,1
teatràs,1
teatret,1
tecnic,1
teixidor,1
telaranhes,1
telefona,1
telefonarà,1
telefonarè,1
telefonaria,1
telefonatz,1
telefonaue,1
telefonè,1
telefòne,1
telefonès,1
telefòns,1
teluacr,1
temperatura,1
temporau,1
tempsi,1
tenor,1
tèrmes,1
terralha,1
terralhèr,1
terren,1
terreny,1
terrorism,1
testimònis,1
tetèra,1
tets,1
tèxt,1
textes,1
tèxtes,1
tg,1
tibidabo,1
tier,1
tièra,1
tieta,1
tigre,1
timida,1
timids,1
tintat,1
tinten,1
tintèr,1
tiquet,1
tira,1
tirat,1
tis,1
títol,1
títols,1
tj,1
tòcaesqueres,1
tocant,1
tocar,1
tocat,1
tomates,1
tòni,1
tòqui,1
torçut,1
toristes,1
tornà,1
tornaràn,1
tornaràs,1
tornaria,1
tornarien,1
tornaue,1
tornàuem,1
tornauen,1
torne,1
tornè,1
tornec,1
torneig,1
tornèretz,1
tornes,1
tornèsses,1
tors,1
tortugues,1
tossint,1
tossir,1
tossis,1
tossisqui,1
totau,1
tovalhola,1
tovalhons,1
tra,1
trabalhat,1
trabalhaue,1
trabalhaues,1
trabalhec,1
trabalhèc,1
trabalhen,1
trabalhli,1
traballar,1
traça,1
tractauen,1
trafic,1
tragica,1
tramvia,1
tramvies,1
tranquilla,1
tranquillament,1
tranquilles,1
tranquils,1
transmetec,1
transpòrt,1
trape,1
trapèc,1
trasladat,1
trasladèc,1
trauessar,1
trauèsse,1
treball,1
treigam,1
treigem,1
treiguesses,1
treiguetz,1
trèigui,1
treiguien,1
tremòle,1
trempat,1
trendes,1
trendi,1
trèns,1
tretzau,1
tri,1
triat,1
tricot,1
tricòts,1
trigagt,1
trigar,1
triguem,1
trimesadèr,1
trincacaps,1
trincada,1
trincaràs,1
tristament,1
trobam,1
tròbar,1
trobaràn,1
trobatz,1
trobaua,1
trobàuem,1
trobe,1
trobec,1
trobèc,1
tròben,1
trobès,1
tròci,1
troja,1
trompeta,1
tronc,1
trone,1
truca,1
trucam,1
trucaram,1
trucaràn,1
trucatz,1
truha,1
tubercul,1
tuc,1
tunèu,1
tuta,1
uan,1
uart,1
uau,1
uda,1
ue,1
uedes,1
ueitau,1
uelh,1
uèra,1
uet,1
uiteroses,1
umans,1
umit,1
unicament,1
uniforme,1
uniformes,1
uniques,1
univers,1
unta,1
untada,1
untar,1
upersona,1
urna,1
ut,1
vacantes,1
vage,1
vagen,1
vages,1
vaishèra,1
vaisheth,1
vaishèth,1
vaja,1
val,1
valencian,1
valenciana,1
valenta,1
valer,1
valerie,1
vanessa,1
vanguardia,1
vànoa,1
vaques,1
vassot,1
vàter,1
vedella,1
vedem,1
vedí,1
vedie,1
vedíem,1
vedien,1
veigatz,1
veiram,1
veire,1
veirèr,1
veirèra,1
velocitat,1
vença,1
vençam,1
vençatz,1
vence,1
vencen,1
vences,1
vene,1
venedora,1
venen,1
véner,1
venessen,1
vengam,1
vengatz,1
venguam,1
venguen,1
vengues,1
venguéssetz,1
venís,1
ventar,1
verb,1
verbal,1
verdes,1
verdugalh,1
verdulèra,1
veritable,1
vèrmes,1
verneda,1
ves,1
vesia,1
vèsse,1
vestis,1
viatgen,1
viatget,1
viatjàs,1
vielhs,1
vieram,1
vieratz,1
vierè,1
vieria,1
vierie,1
vierien,1
villanueva,1
vinheta,1
vinyeta,1
vira,1
vire,1
viren,1
virgínia,1
viri,1
visitants,1
visitarà,1
visitarien,1
visitat,1
visitatz,1
visitàuetz,1
vitzes,1
viua,1
viuec,1
viuent,1
viuérem,1
viuéretz,1
viues,1
viuessa,1
viuetz,1
viuíetz,1
viuut,1
vò,1
vocabulari,1
vocau,1
volaira,1
volant,1
volec,1
voleram,1
voleràn,1
voleren,1
voleria,1
voleries,1
volessa,1
volesse,1
voléssem,1
volessen,1
volesses,1
voléssetz,1
volga,1
volgam,1
volgatz,1
volguen,1
volguessa,1
volguesse,1
volguéssem,1
volguessen,1
volguesses,1
volguéssetz,1
volia,1
volíem,1
volíetz,1
volís,1
volontat,1
volude,1
volum,1
volut,1
vòmits,1
vòstes,1
votz,1
vp,1
vrente,1
vrèpre,1
vrèspes,1
vrèspre,1
vuedes,1
vuedi,1
vuets,1
vulguin,1
vulva,1
xtravag,1
xuclà,1
york,1
yukò,1
zònes,1
zòo,1
